epoch,accuracy,loss,precision,recall,val_accuracy,val_loss,val_precision,val_recall
0,0.8810368180274963,0.3064034581184387,0.8725333213806152,0.8925259113311768,0.9345335364341736,0.1626901626586914,0.9715808033943176,0.8952536582946777
1,0.9492496848106384,0.14829088747501373,0.9396689534187317,0.960174560546875,0.9599018096923828,0.10738100856542587,0.9730639457702637,0.9459902048110962
2,0.9650750160217285,0.09693160653114319,0.9625610709190369,0.9678122997283936,0.9631751179695129,0.09712327271699905,0.9780405163764954,0.9476268291473389
3,0.9743520021438599,0.07238537818193436,0.9728112816810608,0.975995659828186,0.978723406791687,0.06899452209472656,0.978723406791687,0.978723406791687
4,0.9773533344268799,0.06921150535345078,0.9765795469284058,0.9781778454780579,0.9713584184646606,0.07860391587018967,0.9528301954269409,0.9918166995048523
5,0.9803547263145447,0.05309866741299629,0.9777536392211914,0.9830878376960754,0.9410802125930786,0.15310631692409515,0.9908925294876099,0.8903437256813049
6,0.9806275367736816,0.054504815489053726,0.9819474816322327,0.9792689681053162,0.9689034223556519,0.0726843848824501,0.9704433679580688,0.9672667980194092
7,0.9830832481384277,0.04276854172348976,0.984674334526062,0.981451153755188,0.9631751179695129,0.1228218525648117,0.940809965133667,0.9885433912277222
8,0.9844474792480469,0.04277527704834938,0.9868420958518982,0.9819967150688171,0.9770867228507996,0.08194582909345627,0.9818181991577148,0.972176730632782
