epoch,accuracy,loss,precision,recall,val_accuracy,val_loss,val_precision,val_recall
0,0.7656950950622559,0.8864738941192627,0.7024961709976196,0.5153213739395142,0.8310911655426025,0.5735025405883789,0.8559870719909668,0.5930493474006653
1,0.85849529504776,0.5133221745491028,0.836244523525238,0.7156203389167786,0.8546338081359863,0.4877181053161621,0.8304861783981323,0.7085201740264893
2,0.8885151743888855,0.42829588055610657,0.866913914680481,0.7862481474876404,0.8811659216880798,0.421548992395401,0.8500000238418579,0.7813901305198669
3,0.9009715914726257,0.3790391683578491,0.8775591850280762,0.8168908953666687,0.8613602519035339,0.5186780095100403,0.8396349549293518,0.7219731211662292
4,0.919407069683075,0.33706262707710266,0.9037007689476013,0.8486546874046326,0.8744394779205322,0.4782426655292511,0.8390243649482727,0.7713004350662231
5,0.9166666865348816,0.330370157957077,0.9022043943405151,0.8411808609962463,0.9054558873176575,0.3562052547931671,0.885404109954834,0.8228699564933777
6,0.9299950003623962,0.2901611030101776,0.9194444417953491,0.8658445477485657,0.902466356754303,0.423360139131546,0.8655851483345032,0.8374439477920532
7,0.9312406778335571,0.2918214797973633,0.9174528121948242,0.8721973299980164,0.9062032699584961,0.4112689197063446,0.8838323354721069,0.8273542523384094
8,0.9357249736785889,0.34561848640441895,0.9235293865203857,0.8800448179244995,0.9062032699584961,0.4038451910018921,0.8739789724349976,0.8396860957145691
9,0.9417040348052979,0.2315424531698227,0.9326018691062927,0.8893871307373047,0.8856502175331116,0.42003360390663147,0.8463357090950012,0.8026905655860901
10,0.9424514174461365,0.21696673333644867,0.9287374019622803,0.8961135745048523,0.9106875658035278,0.4082486927509308,0.8731428384780884,0.8565022349357605
